Author,File-ID,Date
grubeli,0,2021-11-16
Scott Alexander-Bown,0,2021-05-24
Scott Alexander-Bown,0,2021-05-24
Matthew Rollings,1,2021-05-24
Scott Alexander-Bown,2,2021-05-22
Scott Alexander-Bown,3,2021-05-22
Scott Alexander-Bown,0,2021-05-21
Scott Alexander-Bown,0,2021-05-08
Scott Alexander-Bown,4,2021-05-08
Scott Alexander-Bown,5,2021-05-08
Scott Alexander-Bown,6,2021-05-08
Scott Alexander-Bown,7,2021-05-08
Scott Alexander-Bown,8,2021-05-08
Scott Alexander-Bown,9,2021-05-08
Scott Alexander-Bown,10,2021-05-08
Scott Alexander-Bown,11,2021-05-08
Scott Alexander-Bown,12,2021-05-08
Scott Alexander-Bown,13,2021-05-08
Scott Alexander-Bown,14,2021-05-08
Scott Alexander-Bown,15,2021-05-08
Scott Alexander-Bown,1,2021-05-08
Scott Alexander-Bown,16,2021-05-08
Scott Alexander-Bown,17,2021-05-08
Slim Namouchi,18,2020-07-21
Matthew Rollings,18,2020-07-21
Fi5t,15,2020-07-15
Matthew Rollings,18,2020-02-07
Matthew Rollings,19,2020-02-07
mat,18,2020-02-07
mat,19,2020-02-07
Matthew Rollings,20,2020-02-03
Matthew Rollings,4,2020-02-03
Matthew Rollings,5,2020-02-03
Matthew Rollings,9,2020-02-03
Matthew Rollings,21,2020-02-03
Matthew Rollings,17,2020-02-03
Matthew Rollings,17,2020-02-03
Daniel Kutik,15,2020-01-31
Daniel Kutik,18,2020-01-31
Daniel Kutik,17,2020-01-31
Matthew Rollings,15,2020-01-30
mat,17,2020-01-30
mat,15,2020-01-30
Matthew Rollings,18,2020-01-30
Matthew Rollings,17,2020-01-30
Matthew Rollings,15,2020-01-30
Matthew Rollings,18,2020-01-30
mat,15,2020-01-28
mat,18,2020-01-28
mat,18,2020-01-28
mat,17,2020-01-28
mat,18,2020-01-28
Ivan Vlasov,15,2019-12-09
Ivan Vlasov,18,2019-12-09
Daniel Kutik,20,2019-11-16
Daniel Kutik,21,2019-11-16
Daniel Kutik,4,2019-11-16
Daniel Kutik,9,2019-11-16
Daniel Kutik,20,2019-11-16
Daniel Kutik,5,2019-11-16
Daniel Kutik,9,2019-11-16
Daniel Kutik,21,2019-11-16
Daniel Kutik,17,2019-11-16
Matthew Rollings,4,2019-03-14
Matthew Rollings,15,2019-03-14
Matthew Rollings,18,2019-03-14
Matthew Rollings,1,2019-03-14
Matthew Rollings,16,2019-03-14
Matthew Rollings,17,2019-03-14
Matthew Rollings,18,2018-06-14
Matthew Rollings,17,2018-06-14
Matthew Rollings,17,2018-05-11
Matthew Rollings,18,2018-05-11
Matthew Rollings,18,2018-05-11
Matthew Rollings,19,2018-05-11
Matthew Rollings,17,2018-05-11
Matthew Rollings,18,2018-05-11
Matthew Rollings,18,2018-05-11
Matthew Rollings,4,2018-03-20
Matthew Rollings,15,2018-03-20
Matthew Rollings,18,2018-03-20
altvnv,18,2018-03-16
altvnv,4,2018-03-16
altvnv,15,2018-03-16
altvnv,18,2018-03-16
altvnv,18,2018-03-16
altvnv,15,2018-03-16
altvnv,15,2018-03-16
matthew,19,2017-10-31
matthew,17,2017-10-31
Matthew Rollings,18,2017-09-29
Frieder Bluemle,18,2017-08-19
Frieder Bluemle,19,2017-08-19
Ali Waseem,18,2017-08-11
LeonKarabchevsky,18,2017-06-11
BIOCATCH\Leon.Karabchevsky,18,2017-06-07
Matthew Rollings,20,2017-05-12
Matthew Rollings,9,2017-05-12
Matthew Rollings,21,2017-05-12
Matthew Rollings,19,2017-05-12
Matthew Rollings,22,2017-05-12
Matthew Rollings,23,2017-05-12
Matthew Rollings,18,2017-05-12
Frieder Bluemle,20,2017-05-11
Frieder Bluemle,21,2017-05-11
Frieder Bluemle,19,2017-05-11
Frieder Bluemle,22,2017-05-11
Frieder Bluemle,23,2017-05-11
Frieder Bluemle,9,2017-05-11
vyas,18,2017-05-10
Matthew Rollings,4,2017-03-29
Matthew Rollings,18,2017-03-29
Matthew Rollings,1,2017-03-29
Matthew Rollings,18,2017-03-24
Matthew Rollings,22,2017-03-24
Matthew Rollings,23,2017-03-24
Scott Alexander-Bown,5,2017-03-24
Scott Alexander-Bown,15,2017-03-24
Scott Alexander-Bown,18,2017-03-24
Matthew Rollings,5,2017-03-24
Matthew Rollings,18,2017-03-24
Matthew Rollings,15,2017-03-24
matthew,22,2017-03-13
matthew,22,2017-03-13
matthew,23,2017-03-13
Matthew Rollings,18,2017-03-13
Matthew Rollings,4,2017-02-15
Matthew Rollings,18,2017-02-15
Matthew Rollings,19,2017-02-15
aippisch,24,2016-09-16
leocadiotine,18,2016-09-14
Scott Alexander-Bown,5,2016-07-01
Scott Alexander-Bown,4,2016-07-01
Scott Alexander-Bown,4,2016-07-01
Andy Barber,4,2016-07-01
Andy Barber,5,2016-07-01
Andy Barber,9,2016-07-01
Scott Alexander-Bown,18,2016-05-17
Matthew Rollings,18,2016-04-18
Scott Alexander-Bown,5,2016-04-01
Mohammed Ezzat,5,2016-03-16
Scott Alexander-Bown,15,2016-03-16
Scott Alexander-Bown,18,2016-03-16
Scott Alexander-Bown,19,2016-03-16
Scott Alexander-Bown,16,2016-03-16
Mohammed Ezzat,15,2016-03-15
Mohammed Ezzat,18,2016-03-15
Mohammed Ezzat,19,2016-03-15
Mohammed Ezzat,16,2016-03-15
Scott Alexander-Bown,18,2015-12-30
Matthew Rollings,18,2015-12-22
Matthew Rollings,18,2015-12-22
Scott Alexander-Bown,18,2015-12-22
Matthew Rollings,18,2015-12-21
Matthew Rollings,18,2015-12-21
Scott Alexander-Bown,5,2015-09-16
Scott Alexander-Bown,15,2015-09-16
Matthew Rollings,15,2015-06-30
Scott Alexander-Bown,15,2015-06-30
Scott Alexander-Bown,24,2015-06-30
Scott Alexander-Bown,25,2015-06-30
Scott Alexander-Bown,18,2015-06-30
Scott Alexander-Bown,1,2015-06-30
Scott Alexander-Bown,5,2015-06-30
Scott Alexander-Bown,18,2015-06-30
Matthew Rollings,24,2015-06-30
Matthew Rollings,25,2015-06-30
Matthew Rollings,18,2015-06-30
Matthew Rollings,1,2015-06-30
Scott Alexander-Bown,24,2015-06-30
Scott Alexander-Bown,25,2015-06-30
Scott Alexander-Bown,15,2015-06-30
Scott Alexander-Bown,18,2015-06-30
Scott Alexander-Bown,1,2015-06-30
Scott Alexander-Bown,5,2015-06-30
Scott Alexander-Bown,18,2015-06-30
Scott Alexander-Bown,16,2015-06-30
Matthew Rollings,24,2015-06-30
Matthew Rollings,25,2015-06-30
Matthew Rollings,18,2015-06-30
Matthew Rollings,1,2015-06-30
Matthew Rollings,15,2015-06-30
Matthew Rollings,24,2015-06-30
Scott Alexander-Bown,24,2015-06-30
Scott Alexander-Bown,15,2015-06-29
Scott Alexander-Bown,18,2015-06-29
Scott Alexander-Bown,5,2015-06-29
Scott Alexander-Bown,19,2015-06-26
Matthew Rollings,24,2015-06-26
Matthew Rollings,25,2015-06-26
Matthew Rollings,1,2015-06-26
Scott Alexander-Bown,20,2015-06-26
Scott Alexander-Bown,5,2015-06-26
Scott Alexander-Bown,24,2015-06-26
Scott Alexander-Bown,25,2015-06-26
Scott Alexander-Bown,21,2015-06-26
Scott Alexander-Bown,15,2015-06-26
Scott Alexander-Bown,18,2015-06-26
Scott Alexander-Bown,1,2015-06-26
Scott Alexander-Bown,19,2015-06-26
Matthew Rollings,26,2015-06-26
Matthew Rollings,27,2015-06-26
Matthew Rollings,28,2015-06-26
Matthew Rollings,26,2015-06-26
Scott Alexander-Bown,29,2015-06-19
Scott Alexander-Bown,30,2015-06-19
Scott Alexander-Bown,28,2015-06-19
Scott Alexander-Bown,26,2015-06-19
Scott Alexander-Bown,31,2015-06-19
Scott Alexander-Bown,26,2015-06-19
Matthew Rollings,29,2015-06-19
Matthew Rollings,30,2015-06-19
Matthew Rollings,31,2015-06-19
Matthew Rollings,32,2015-06-19
Matthew Rollings,33,2015-06-19
Matthew Rollings,28,2015-06-19
Matthew Rollings,26,2015-06-19
Matthew Rollings,31,2015-06-19
Scott Alexander-Bown,34,2015-06-19
Scott Alexander-Bown,28,2015-06-19
Scott Alexander-Bown,26,2015-06-19
Scott Alexander-Bown,35,2015-06-19
