Author,File ID,Date
Matthew Rollings,2,2021-05-24
Scott Alexander-Bown,8,2021-05-22
Scott Alexander-Bown,9,2021-05-22
Scott Alexander-Bown,39,2021-05-08
Scott Alexander-Bown,40,2021-05-08
Scott Alexander-Bown,44,2021-05-08
Scott Alexander-Bown,87,2021-05-08
Scott Alexander-Bown,2,2021-05-08
Scott Alexander-Bown,88,2021-05-08
Scott Alexander-Bown,89,2021-05-08
Slim Namouchi,91,2020-07-21
Matthew Rollings,91,2020-07-21
Fi5t,87,2020-07-15
Matthew Rollings,91,2020-02-07
Matthew Rollings,98,2020-02-07
mat,91,2020-02-07
mat,98,2020-02-07
Matthew Rollings,101,2020-02-03
Matthew Rollings,39,2020-02-03
Matthew Rollings,40,2020-02-03
Matthew Rollings,44,2020-02-03
Matthew Rollings,104,2020-02-03
Matthew Rollings,89,2020-02-03
Matthew Rollings,89,2020-02-03
Daniel Kutik,87,2020-01-31
Daniel Kutik,91,2020-01-31
Daniel Kutik,89,2020-01-31
Matthew Rollings,87,2020-01-30
mat,89,2020-01-30
mat,87,2020-01-30
Matthew Rollings,91,2020-01-30
Matthew Rollings,89,2020-01-30
Matthew Rollings,87,2020-01-30
Matthew Rollings,91,2020-01-30
mat,87,2020-01-28
mat,91,2020-01-28
mat,91,2020-01-28
mat,89,2020-01-28
mat,91,2020-01-28
Ivan Vlasov,87,2019-12-09
Ivan Vlasov,91,2019-12-09
Daniel Kutik,101,2019-11-16
Daniel Kutik,104,2019-11-16
Daniel Kutik,39,2019-11-16
Daniel Kutik,44,2019-11-16
Daniel Kutik,101,2019-11-16
Daniel Kutik,40,2019-11-16
Daniel Kutik,44,2019-11-16
Daniel Kutik,104,2019-11-16
Daniel Kutik,89,2019-11-16
Matthew Rollings,39,2019-03-14
Matthew Rollings,87,2019-03-14
Matthew Rollings,91,2019-03-14
Matthew Rollings,2,2019-03-14
Matthew Rollings,88,2019-03-14
Matthew Rollings,89,2019-03-14
Matthew Rollings,91,2018-06-14
Matthew Rollings,89,2018-06-14
Matthew Rollings,89,2018-05-11
Matthew Rollings,91,2018-05-11
Matthew Rollings,91,2018-05-11
Matthew Rollings,98,2018-05-11
Matthew Rollings,89,2018-05-11
Matthew Rollings,91,2018-05-11
Matthew Rollings,91,2018-05-11
Matthew Rollings,39,2018-03-20
Matthew Rollings,87,2018-03-20
Matthew Rollings,91,2018-03-20
altvnv,91,2018-03-16
altvnv,39,2018-03-16
altvnv,87,2018-03-16
altvnv,91,2018-03-16
altvnv,91,2018-03-16
altvnv,87,2018-03-16
altvnv,87,2018-03-16
matthew,98,2017-10-31
matthew,89,2017-10-31
Matthew Rollings,91,2017-09-29
Frieder Bluemle,91,2017-08-19
Frieder Bluemle,98,2017-08-19
Ali Waseem,91,2017-08-11
LeonKarabchevsky,91,2017-06-11
BIOCATCH\Leon.Karabchevsky,91,2017-06-07
Matthew Rollings,101,2017-05-12
Matthew Rollings,44,2017-05-12
Matthew Rollings,104,2017-05-12
Matthew Rollings,98,2017-05-12
Matthew Rollings,120,2017-05-12
Matthew Rollings,121,2017-05-12
Matthew Rollings,91,2017-05-12
Frieder Bluemle,101,2017-05-11
Frieder Bluemle,104,2017-05-11
Frieder Bluemle,98,2017-05-11
Frieder Bluemle,120,2017-05-11
Frieder Bluemle,121,2017-05-11
Frieder Bluemle,44,2017-05-11
vyas,91,2017-05-10
Matthew Rollings,39,2017-03-29
Matthew Rollings,91,2017-03-29
Matthew Rollings,2,2017-03-29
Matthew Rollings,91,2017-03-24
Matthew Rollings,120,2017-03-24
Matthew Rollings,121,2017-03-24
Scott Alexander-Bown,40,2017-03-24
Scott Alexander-Bown,87,2017-03-24
Scott Alexander-Bown,91,2017-03-24
Matthew Rollings,40,2017-03-24
Matthew Rollings,91,2017-03-24
Matthew Rollings,87,2017-03-24
matthew,120,2017-03-13
matthew,120,2017-03-13
matthew,121,2017-03-13
Matthew Rollings,91,2017-03-13
Matthew Rollings,39,2017-02-15
Matthew Rollings,91,2017-02-15
Matthew Rollings,98,2017-02-15
aippisch,134,2016-09-16
leocadiotine,91,2016-09-14
Scott Alexander-Bown,40,2016-07-01
Scott Alexander-Bown,39,2016-07-01
Scott Alexander-Bown,39,2016-07-01
Andy Barber,39,2016-07-01
Andy Barber,40,2016-07-01
Andy Barber,44,2016-07-01
Scott Alexander-Bown,91,2016-05-17
Matthew Rollings,91,2016-04-18
Scott Alexander-Bown,40,2016-04-01
Mohammed Ezzat,40,2016-03-16
Scott Alexander-Bown,87,2016-03-16
Scott Alexander-Bown,91,2016-03-16
Scott Alexander-Bown,98,2016-03-16
Scott Alexander-Bown,88,2016-03-16
Mohammed Ezzat,87,2016-03-15
Mohammed Ezzat,91,2016-03-15
Mohammed Ezzat,98,2016-03-15
Mohammed Ezzat,88,2016-03-15
Scott Alexander-Bown,91,2015-12-30
Matthew Rollings,91,2015-12-22
Matthew Rollings,91,2015-12-22
Scott Alexander-Bown,91,2015-12-22
Matthew Rollings,91,2015-12-21
Matthew Rollings,91,2015-12-21
Scott Alexander-Bown,40,2015-09-16
Scott Alexander-Bown,87,2015-09-16
Matthew Rollings,87,2015-06-30
Scott Alexander-Bown,87,2015-06-30
Scott Alexander-Bown,134,2015-06-30
Scott Alexander-Bown,157,2015-06-30
Scott Alexander-Bown,91,2015-06-30
Scott Alexander-Bown,2,2015-06-30
Scott Alexander-Bown,40,2015-06-30
Scott Alexander-Bown,91,2015-06-30
Matthew Rollings,134,2015-06-30
Matthew Rollings,157,2015-06-30
Matthew Rollings,91,2015-06-30
Matthew Rollings,2,2015-06-30
Scott Alexander-Bown,134,2015-06-30
Scott Alexander-Bown,157,2015-06-30
Scott Alexander-Bown,87,2015-06-30
Scott Alexander-Bown,91,2015-06-30
Scott Alexander-Bown,2,2015-06-30
Scott Alexander-Bown,40,2015-06-30
Scott Alexander-Bown,91,2015-06-30
Scott Alexander-Bown,88,2015-06-30
Matthew Rollings,134,2015-06-30
Matthew Rollings,157,2015-06-30
Matthew Rollings,91,2015-06-30
Matthew Rollings,2,2015-06-30
Matthew Rollings,87,2015-06-30
Matthew Rollings,134,2015-06-30
Scott Alexander-Bown,134,2015-06-30
Scott Alexander-Bown,87,2015-06-29
Scott Alexander-Bown,91,2015-06-29
Scott Alexander-Bown,40,2015-06-29
Scott Alexander-Bown,98,2015-06-26
Matthew Rollings,134,2015-06-26
Matthew Rollings,157,2015-06-26
Matthew Rollings,2,2015-06-26
Scott Alexander-Bown,101,2015-06-26
Scott Alexander-Bown,40,2015-06-26
Scott Alexander-Bown,134,2015-06-26
Scott Alexander-Bown,157,2015-06-26
Scott Alexander-Bown,104,2015-06-26
Scott Alexander-Bown,87,2015-06-26
Scott Alexander-Bown,91,2015-06-26
Scott Alexander-Bown,2,2015-06-26
Scott Alexander-Bown,98,2015-06-26
Matthew Rollings,163,2015-06-26
Matthew Rollings,164,2015-06-26
Matthew Rollings,165,2015-06-26
Matthew Rollings,163,2015-06-26
Scott Alexander-Bown,168,2015-06-19
Scott Alexander-Bown,169,2015-06-19
Scott Alexander-Bown,165,2015-06-19
Scott Alexander-Bown,163,2015-06-19
Scott Alexander-Bown,170,2015-06-19
Scott Alexander-Bown,163,2015-06-19
Matthew Rollings,168,2015-06-19
Matthew Rollings,169,2015-06-19
Matthew Rollings,170,2015-06-19
Matthew Rollings,173,2015-06-19
Matthew Rollings,174,2015-06-19
Matthew Rollings,165,2015-06-19
Matthew Rollings,163,2015-06-19
Matthew Rollings,170,2015-06-19
Scott Alexander-Bown,175,2015-06-19
Scott Alexander-Bown,165,2015-06-19
Scott Alexander-Bown,163,2015-06-19
Scott Alexander-Bown,176,2015-06-19
